scenario,taskCount,seed,scheduler,workloadFile,makespan,averageWaitingTime,averageTurnaroundTime,throughput,deadlineMissedCount,deadlineMissRate,completedTaskCount,totalTaskCount,resourceUtilization
NORMAL_LOAD,20,1001,IEEE_BASELINE,normal_load_20_seed1001.csv,70.9700,14.0220,26.0205,0.2818,5,0.2500,20,20,84.5322
NORMAL_LOAD,20,1001,PROPOSED_DEADLINE_AWARE,normal_load_20_seed1001.csv,67.6200,12.6800,24.6785,0.2958,1,0.0500,20,20,88.7201
NORMAL_LOAD,50,1001,IEEE_BASELINE,normal_load_50_seed1001.csv,162.5700,36.5830,48.7594,0.3076,20,0.4000,50,50,93.6243
NORMAL_LOAD,50,1001,PROPOSED_DEADLINE_AWARE,normal_load_50_seed1001.csv,162.5600,34.2332,46.4096,0.3076,20,0.4000,50,50,93.6300
NORMAL_LOAD,100,1001,IEEE_BASELINE,normal_load_100_seed1001.csv,315.1700,78.8016,91.0891,0.3173,51,0.5100,100,100,97.4672
NORMAL_LOAD,100,1001,PROPOSED_DEADLINE_AWARE,normal_load_100_seed1001.csv,313.8300,73.4795,85.7670,0.3186,56,0.5600,100,100,97.8834
HIGH_LOAD,20,2001,IEEE_BASELINE,high_load_20_seed2001.csv,151.8100,54.4150,82.7025,0.1317,12,0.6000,20,20,93.1674
HIGH_LOAD,20,2001,PROPOSED_DEADLINE_AWARE,high_load_20_seed2001.csv,152.7000,53.2975,81.5850,0.1310,14,0.7000,20,20,92.6244
HIGH_LOAD,50,2001,IEEE_BASELINE,high_load_50_seed2001.csv,361.3100,154.3804,182.5016,0.1384,42,0.8400,50,50,97.2890
HIGH_LOAD,50,2001,PROPOSED_DEADLINE_AWARE,high_load_50_seed2001.csv,359.9700,149.9540,178.0752,0.1389,44,0.8800,50,50,97.6512
HIGH_LOAD,100,2001,IEEE_BASELINE,high_load_100_seed2001.csv,697.9900,314.5416,342.0252,0.1433,92,0.9200,100,100,98.4384
HIGH_LOAD,100,2001,PROPOSED_DEADLINE_AWARE,high_load_100_seed2001.csv,691.9700,302.7518,330.2354,0.1445,95,0.9500,100,100,99.2948
DEADLINE_SENSITIVE,20,3001,IEEE_BASELINE,deadline_sensitive_20_seed3001.csv,99.3200,24.6790,42.1645,0.2014,11,0.5500,20,20,88.0261
DEADLINE_SENSITIVE,20,3001,PROPOSED_DEADLINE_AWARE,deadline_sensitive_20_seed3001.csv,97.4300,27.0365,44.5220,0.2053,13,0.6500,20,20,89.7337
DEADLINE_SENSITIVE,50,3001,IEEE_BASELINE,deadline_sensitive_50_seed3001.csv,226.4700,73.3016,91.0644,0.2208,37,0.7400,50,50,98.0417
DEADLINE_SENSITIVE,50,3001,PROPOSED_DEADLINE_AWARE,deadline_sensitive_50_seed3001.csv,231.6100,75.8804,93.6432,0.2159,42,0.8400,50,50,95.8659
DEADLINE_SENSITIVE,100,3001,IEEE_BASELINE,deadline_sensitive_100_seed3001.csv,435.4300,143.1456,160.0054,0.2297,77,0.7700,100,100,96.7997
DEADLINE_SENSITIVE,100,3001,PROPOSED_DEADLINE_AWARE,deadline_sensitive_100_seed3001.csv,432.7700,151.9932,168.8530,0.2311,89,0.8900,100,100,97.3947
MIXED,20,4001,IEEE_BASELINE,mixed_20_seed4001.csv,128.5300,33.4055,57.1310,0.1556,8,0.4000,20,20,92.2956
MIXED,20,4001,PROPOSED_DEADLINE_AWARE,mixed_20_seed4001.csv,146.9600,30.0965,53.8220,0.1361,6,0.3000,20,20,80.7209
MIXED,50,4001,IEEE_BASELINE,mixed_50_seed4001.csv,328.5700,102.0544,127.2578,0.1522,32,0.6400,50,50,95.8829
MIXED,50,4001,PROPOSED_DEADLINE_AWARE,mixed_50_seed4001.csv,333.5200,96.0262,121.2296,0.1499,27,0.5400,50,50,94.4599
MIXED,100,4001,IEEE_BASELINE,mixed_100_seed4001.csv,587.4500,189.5901,212.4443,0.1702,76,0.7600,100,100,97.2602
MIXED,100,4001,PROPOSED_DEADLINE_AWARE,mixed_100_seed4001.csv,590.8900,189.8144,212.6686,0.1692,76,0.7600,100,100,96.6940
