Algorithm,WorkloadSize,Seed,TaskCount,Makespan,AverageWaitingTime,AverageTurnaroundTime,Throughput,DeadlineMissRate,DeadlineSuccessRate,ResourceUtilization
IEEE_BASELINE,NORMAL_LOAD,1001,20,72.1900,13.5370,25.6240,0.2770,0.1500,0.8500,83.7166
PROPOSED_DEADLINE_AWARE,NORMAL_LOAD,1001,20,68.7300,13.8060,25.8865,0.2910,0.2000,0.8000,87.8837
IEEE_BASELINE,NORMAL_LOAD,1001,50,164.9100,37.8608,50.1254,0.3032,0.5400,0.4600,92.9643
PROPOSED_DEADLINE_AWARE,NORMAL_LOAD,1001,50,164.9800,37.9872,50.2594,0.3031,0.5800,0.4200,92.9825
IEEE_BASELINE,NORMAL_LOAD,1001,100,319.9500,80.9236,93.3016,0.3125,0.7700,0.2300,96.7182
PROPOSED_DEADLINE_AWARE,NORMAL_LOAD,1001,100,319.0800,81.1721,93.5531,0.3134,0.8000,0.2000,97.0055
IEEE_BASELINE,HIGH_LOAD,2001,20,152.8000,53.8910,82.2670,0.1309,0.6000,0.4000,92.8534
PROPOSED_DEADLINE_AWARE,HIGH_LOAD,2001,20,153.8300,53.8510,82.2205,0.1300,0.6500,0.3500,92.2106
IEEE_BASELINE,HIGH_LOAD,2001,50,363.5500,156.4184,184.6326,0.1375,0.8200,0.1800,97.0094
PROPOSED_DEADLINE_AWARE,HIGH_LOAD,2001,50,362.7500,158.1192,186.3280,0.1378,0.8600,0.1400,97.2047
IEEE_BASELINE,HIGH_LOAD,2001,100,703.1300,312.8899,340.4725,0.1422,0.9300,0.0700,98.0708
PROPOSED_DEADLINE_AWARE,HIGH_LOAD,2001,100,697.1900,312.2123,339.7905,0.1434,0.9300,0.0700,98.8905
IEEE_BASELINE,DEADLINE_SENSITIVE,3001,20,100.5400,28.0540,45.6390,0.1989,0.6500,0.3500,87.4528
PROPOSED_DEADLINE_AWARE,DEADLINE_SENSITIVE,3001,20,98.4700,27.3765,44.9465,0.2031,0.7500,0.2500,89.2150
IEEE_BASELINE,DEADLINE_SENSITIVE,3001,50,228.7700,78.9826,96.8410,0.2186,0.8600,0.1400,97.5784
PROPOSED_DEADLINE_AWARE,DEADLINE_SENSITIVE,3001,50,233.8600,78.7090,96.5654,0.2138,0.8600,0.1400,95.4439
IEEE_BASELINE,DEADLINE_SENSITIVE,3001,100,440.6500,156.5880,173.5386,0.2269,0.9500,0.0500,96.1682
PROPOSED_DEADLINE_AWARE,DEADLINE_SENSITIVE,3001,100,438.2000,157.6990,174.6585,0.2282,0.9400,0.0600,96.7566
IEEE_BASELINE,MIXED,4001,20,129.8100,38.6585,62.4765,0.1541,0.4000,0.6000,91.7418
PROPOSED_DEADLINE_AWARE,MIXED,4001,20,147.9400,35.9940,59.8100,0.1352,0.3500,0.6500,80.4921
IEEE_BASELINE,MIXED,4001,50,331.3600,111.0208,136.3244,0.1509,0.7600,0.2400,95.4536
PROPOSED_DEADLINE_AWARE,MIXED,4001,50,336.4100,109.6280,134.9290,0.1486,0.7200,0.2800,94.0110
IEEE_BASELINE,MIXED,4001,100,593.5400,219.1803,242.1279,0.1685,0.8900,0.1100,96.6557
PROPOSED_DEADLINE_AWARE,MIXED,4001,100,596.0700,213.1818,236.1328,0.1678,0.8600,0.1400,96.2597
