scenario,taskCount,seed,schedulerName,taskId,assignedVmId,arrivalTime,startTime,completionTime,executionTime,waitingTime,turnaroundTime,basePriority,dynamicScore,deadline,deadlineMissed
NORMAL_LOAD,5,1001,BASELINE_IEEE_PRIORITY,0,0,0.00,0.10,15.77,15.67,0.10,15.77,5,0.5000,47.31,false
NORMAL_LOAD,5,1001,BASELINE_IEEE_PRIORITY,1,1,1.99,2.09,12.65,10.56,0.10,10.66,4,0.5000,30.90,false
NORMAL_LOAD,5,1001,BASELINE_IEEE_PRIORITY,2,2,2.85,2.95,15.55,12.60,0.10,12.70,6,0.5000,56.86,false
NORMAL_LOAD,5,1001,BASELINE_IEEE_PRIORITY,3,3,4.68,4.78,15.09,10.31,0.10,10.41,5,0.5000,40.74,false
NORMAL_LOAD,5,1001,BASELINE_IEEE_PRIORITY,4,1,6.42,12.76,20.52,7.76,6.34,14.10,3,0.5000,30.40,false
NORMAL_LOAD,5,1001,PROPOSED_DEADLINE_AWARE,0,0,0.00,0.10,15.77,15.67,0.10,15.77,5,0.3568,47.31,false
NORMAL_LOAD,5,1001,PROPOSED_DEADLINE_AWARE,1,1,1.99,2.09,12.65,10.56,0.10,10.66,4,0.3497,30.90,false
NORMAL_LOAD,5,1001,PROPOSED_DEADLINE_AWARE,2,2,2.85,2.95,15.55,12.60,0.10,12.70,6,0.3063,56.86,false
NORMAL_LOAD,5,1001,PROPOSED_DEADLINE_AWARE,3,3,4.68,4.78,15.09,10.31,0.10,10.41,5,0.3177,40.74,false
NORMAL_LOAD,5,1001,PROPOSED_DEADLINE_AWARE,4,1,6.42,12.76,20.52,7.76,6.34,14.10,3,0.2770,30.40,false
