scenario,taskCount,seed,scheduler,taskId,priority,arrivalTime,executionTime,deadline,startTime,completionTime,waitingTime,turnaroundTime,deadlineMissed,assignedVmId,finalScore,urgencyScore,waitingScore,baseScore,slack
MIXED,20,4001,IEEE_BASELINE,0,10,0.00,37.06,81.09,0.10,37.16,0.10,37.16,false,0,,,,,
MIXED,20,4001,IEEE_BASELINE,1,7,2.30,23.63,86.47,2.40,26.03,0.10,23.73,false,1,,,,,
MIXED,20,4001,IEEE_BASELINE,2,8,2.85,36.68,156.86,2.95,39.63,0.10,36.78,false,2,,,,,
MIXED,20,4001,IEEE_BASELINE,3,6,4.98,29.43,139.61,5.08,34.51,0.10,29.53,false,3,,,,,
MIXED,20,4001,IEEE_BASELINE,4,10,7.93,15.86,83.94,26.14,42.00,18.21,34.07,false,1,,,,,
MIXED,20,4001,IEEE_BASELINE,5,2,10.90,32.36,64.14,37.27,69.63,26.37,58.73,true,0,,,,,
MIXED,20,4001,IEEE_BASELINE,6,6,11.78,5.53,19.14,69.74,75.27,57.96,63.49,true,0,,,,,
MIXED,20,4001,IEEE_BASELINE,7,7,12.82,30.05,87.06,34.62,64.67,21.80,51.85,false,3,,,,,
MIXED,20,4001,IEEE_BASELINE,8,5,13.23,31.94,72.40,39.74,71.68,26.51,58.45,false,2,,,,,
MIXED,20,4001,IEEE_BASELINE,9,9,16.21,32.06,147.07,75.38,107.44,59.17,91.23,false,0,,,,,
MIXED,20,4001,IEEE_BASELINE,10,10,17.35,24.65,80.49,42.11,66.76,24.76,49.41,false,1,,,,,
MIXED,20,4001,IEEE_BASELINE,11,7,20.22,10.62,56.58,71.79,82.41,51.57,62.19,true,2,,,,,
MIXED,20,4001,IEEE_BASELINE,12,10,22.63,14.82,90.26,107.55,122.37,84.92,99.74,true,0,,,,,
MIXED,20,4001,IEEE_BASELINE,13,8,23.88,6.07,32.31,64.78,70.85,40.90,46.97,true,3,,,,,
MIXED,20,4001,IEEE_BASELINE,14,10,26.72,17.70,76.60,82.52,100.22,55.80,73.50,true,2,,,,,
MIXED,20,4001,IEEE_BASELINE,15,2,27.97,31.19,127.02,66.87,98.06,38.90,70.09,false,1,,,,,
MIXED,20,4001,IEEE_BASELINE,16,4,29.72,7.33,40.43,122.48,129.81,92.76,100.09,true,0,,,,,
MIXED,20,4001,IEEE_BASELINE,17,10,30.81,24.42,144.11,98.17,122.59,67.36,91.78,false,1,,,,,
MIXED,20,4001,IEEE_BASELINE,18,1,31.53,21.26,69.73,100.33,121.59,68.80,90.06,true,2,,,,,
MIXED,20,4001,IEEE_BASELINE,19,2,33.98,43.70,211.21,70.96,114.66,36.98,80.68,false,3,,,,,
