scenario,taskCount,scheduler,meanMakespan,meanAverageWaitingTime,meanAverageTurnaroundTime,meanThroughput,meanDeadlineMissRate,meanResourceUtilization,totalDeadlineMissedTasks,totalCompletedTasks,totalTasks
NORMAL_LOAD,20,IEEE_BASELINE,70.9700,14.0220,26.0205,0.2818,0.2500,84.5322,5,20,20
NORMAL_LOAD,20,PROPOSED_DEADLINE_AWARE,67.6200,12.6800,24.6785,0.2958,0.0500,88.7201,1,20,20
NORMAL_LOAD,50,IEEE_BASELINE,162.5700,36.5830,48.7594,0.3076,0.4000,93.6243,20,50,50
NORMAL_LOAD,50,PROPOSED_DEADLINE_AWARE,162.5600,34.2332,46.4096,0.3076,0.4000,93.6300,20,50,50
NORMAL_LOAD,100,IEEE_BASELINE,315.1700,78.8016,91.0891,0.3173,0.5100,97.4672,51,100,100
NORMAL_LOAD,100,PROPOSED_DEADLINE_AWARE,313.8300,73.4795,85.7670,0.3186,0.5600,97.8834,56,100,100
HIGH_LOAD,20,IEEE_BASELINE,151.8100,54.4150,82.7025,0.1317,0.6000,93.1674,12,20,20
HIGH_LOAD,20,PROPOSED_DEADLINE_AWARE,152.7000,53.2975,81.5850,0.1310,0.7000,92.6244,14,20,20
HIGH_LOAD,50,IEEE_BASELINE,361.3100,154.3804,182.5016,0.1384,0.8400,97.2890,42,50,50
HIGH_LOAD,50,PROPOSED_DEADLINE_AWARE,359.9700,149.9540,178.0752,0.1389,0.8800,97.6512,44,50,50
HIGH_LOAD,100,IEEE_BASELINE,697.9900,314.5416,342.0252,0.1433,0.9200,98.4384,92,100,100
HIGH_LOAD,100,PROPOSED_DEADLINE_AWARE,691.9700,302.7518,330.2354,0.1445,0.9500,99.2948,95,100,100
DEADLINE_SENSITIVE,20,IEEE_BASELINE,99.3200,24.6790,42.1645,0.2014,0.5500,88.0261,11,20,20
DEADLINE_SENSITIVE,20,PROPOSED_DEADLINE_AWARE,97.4300,27.0365,44.5220,0.2053,0.6500,89.7337,13,20,20
DEADLINE_SENSITIVE,50,IEEE_BASELINE,226.4700,73.3016,91.0644,0.2208,0.7400,98.0417,37,50,50
DEADLINE_SENSITIVE,50,PROPOSED_DEADLINE_AWARE,231.6100,75.8804,93.6432,0.2159,0.8400,95.8659,42,50,50
DEADLINE_SENSITIVE,100,IEEE_BASELINE,435.4300,143.1456,160.0054,0.2297,0.7700,96.7997,77,100,100
DEADLINE_SENSITIVE,100,PROPOSED_DEADLINE_AWARE,432.7700,151.9932,168.8530,0.2311,0.8900,97.3947,89,100,100
MIXED,20,IEEE_BASELINE,128.5300,33.4055,57.1310,0.1556,0.4000,92.2956,8,20,20
MIXED,20,PROPOSED_DEADLINE_AWARE,146.9600,30.0965,53.8220,0.1361,0.3000,80.7209,6,20,20
MIXED,50,IEEE_BASELINE,328.5700,102.0544,127.2578,0.1522,0.6400,95.8829,32,50,50
MIXED,50,PROPOSED_DEADLINE_AWARE,333.5200,96.0262,121.2296,0.1499,0.5400,94.4599,27,50,50
MIXED,100,IEEE_BASELINE,587.4500,189.5901,212.4443,0.1702,0.7600,97.2602,76,100,100
MIXED,100,PROPOSED_DEADLINE_AWARE,590.8900,189.8144,212.6686,0.1692,0.7600,96.6940,76,100,100
