scenario,taskCount,scheduler,totalTasks,deadlineMissedTasks,deadlineMetTasks,deadlineMissRate
NORMAL_LOAD,20,IEEE_BASELINE,20,5,15,0.2500
NORMAL_LOAD,20,PROPOSED_DEADLINE_AWARE,20,1,19,0.0500
NORMAL_LOAD,50,IEEE_BASELINE,50,20,30,0.4000
NORMAL_LOAD,50,PROPOSED_DEADLINE_AWARE,50,20,30,0.4000
NORMAL_LOAD,100,IEEE_BASELINE,100,51,49,0.5100
NORMAL_LOAD,100,PROPOSED_DEADLINE_AWARE,100,56,44,0.5600
HIGH_LOAD,20,IEEE_BASELINE,20,12,8,0.6000
HIGH_LOAD,20,PROPOSED_DEADLINE_AWARE,20,14,6,0.7000
HIGH_LOAD,50,IEEE_BASELINE,50,42,8,0.8400
HIGH_LOAD,50,PROPOSED_DEADLINE_AWARE,50,44,6,0.8800
HIGH_LOAD,100,IEEE_BASELINE,100,92,8,0.9200
HIGH_LOAD,100,PROPOSED_DEADLINE_AWARE,100,95,5,0.9500
DEADLINE_SENSITIVE,20,IEEE_BASELINE,20,11,9,0.5500
DEADLINE_SENSITIVE,20,PROPOSED_DEADLINE_AWARE,20,13,7,0.6500
DEADLINE_SENSITIVE,50,IEEE_BASELINE,50,37,13,0.7400
DEADLINE_SENSITIVE,50,PROPOSED_DEADLINE_AWARE,50,42,8,0.8400
DEADLINE_SENSITIVE,100,IEEE_BASELINE,100,77,23,0.7700
DEADLINE_SENSITIVE,100,PROPOSED_DEADLINE_AWARE,100,89,11,0.8900
MIXED,20,IEEE_BASELINE,20,8,12,0.4000
MIXED,20,PROPOSED_DEADLINE_AWARE,20,6,14,0.3000
MIXED,50,IEEE_BASELINE,50,32,18,0.6400
MIXED,50,PROPOSED_DEADLINE_AWARE,50,27,23,0.5400
MIXED,100,IEEE_BASELINE,100,76,24,0.7600
MIXED,100,PROPOSED_DEADLINE_AWARE,100,76,24,0.7600
