Scenario,Tasks,Baseline Makespan (s),Proposed Makespan (s),Baseline Wait (s),Proposed Wait (s),Baseline Turnaround (s),Proposed Turnaround (s),Baseline Throughput (tasks/s),Proposed Throughput (tasks/s),Baseline DMR (%),Proposed DMR (%),Baseline Utilization (%),Proposed Utilization (%)
NORMAL_LOAD,20,70.97,67.62,14.02,12.68,26.02,24.68,0.2818,0.2958,25.00,5.00,84.53,88.72
NORMAL_LOAD,50,162.57,162.56,36.58,34.23,48.76,46.41,0.3076,0.3076,40.00,40.00,93.62,93.63
NORMAL_LOAD,100,315.17,313.83,78.80,73.48,91.09,85.77,0.3173,0.3186,51.00,56.00,97.47,97.88
HIGH_LOAD,20,151.81,152.70,54.42,53.30,82.70,81.59,0.1317,0.1310,60.00,70.00,93.17,92.62
HIGH_LOAD,50,361.31,359.97,154.38,149.95,182.50,178.08,0.1384,0.1389,84.00,88.00,97.29,97.65
HIGH_LOAD,100,697.99,691.97,314.54,302.75,342.03,330.24,0.1433,0.1445,92.00,95.00,98.44,99.29
DEADLINE_SENSITIVE,20,99.32,97.43,24.68,27.04,42.16,44.52,0.2014,0.2053,55.00,65.00,88.03,89.73
DEADLINE_SENSITIVE,50,226.47,231.61,73.30,75.88,91.06,93.64,0.2208,0.2159,74.00,84.00,98.04,95.87
DEADLINE_SENSITIVE,100,435.43,432.77,143.15,151.99,160.01,168.85,0.2297,0.2311,77.00,89.00,96.80,97.39
MIXED,20,128.53,146.96,33.41,30.10,57.13,53.82,0.1556,0.1361,40.00,30.00,92.30,80.72
MIXED,50,328.57,333.52,102.05,96.03,127.26,121.23,0.1522,0.1499,64.00,54.00,95.88,94.46
MIXED,100,587.45,590.89,189.59,189.81,212.44,212.67,0.1702,0.1692,76.00,76.00,97.26,96.69
