Scenario,Tasks,Scheduler,Makespan (s),Avg Waiting Time (s),Avg Turnaround Time (s),Throughput (tasks/s),Deadline Miss Rate (%),Resource Utilization (%)
NORMAL_LOAD,20,IEEE_BASELINE,70.97,14.02,26.02,0.2818,25.00,84.53
NORMAL_LOAD,20,PROPOSED_DEADLINE_AWARE,67.62,12.68,24.68,0.2958,5.00,88.72
NORMAL_LOAD,50,IEEE_BASELINE,162.57,36.58,48.76,0.3076,40.00,93.62
NORMAL_LOAD,50,PROPOSED_DEADLINE_AWARE,162.56,34.23,46.41,0.3076,40.00,93.63
NORMAL_LOAD,100,IEEE_BASELINE,315.17,78.80,91.09,0.3173,51.00,97.47
NORMAL_LOAD,100,PROPOSED_DEADLINE_AWARE,313.83,73.48,85.77,0.3186,56.00,97.88
HIGH_LOAD,20,IEEE_BASELINE,151.81,54.42,82.70,0.1317,60.00,93.17
HIGH_LOAD,20,PROPOSED_DEADLINE_AWARE,152.70,53.30,81.59,0.1310,70.00,92.62
HIGH_LOAD,50,IEEE_BASELINE,361.31,154.38,182.50,0.1384,84.00,97.29
HIGH_LOAD,50,PROPOSED_DEADLINE_AWARE,359.97,149.95,178.08,0.1389,88.00,97.65
HIGH_LOAD,100,IEEE_BASELINE,697.99,314.54,342.03,0.1433,92.00,98.44
HIGH_LOAD,100,PROPOSED_DEADLINE_AWARE,691.97,302.75,330.24,0.1445,95.00,99.29
DEADLINE_SENSITIVE,20,IEEE_BASELINE,99.32,24.68,42.16,0.2014,55.00,88.03
DEADLINE_SENSITIVE,20,PROPOSED_DEADLINE_AWARE,97.43,27.04,44.52,0.2053,65.00,89.73
DEADLINE_SENSITIVE,50,IEEE_BASELINE,226.47,73.30,91.06,0.2208,74.00,98.04
DEADLINE_SENSITIVE,50,PROPOSED_DEADLINE_AWARE,231.61,75.88,93.64,0.2159,84.00,95.87
DEADLINE_SENSITIVE,100,IEEE_BASELINE,435.43,143.15,160.01,0.2297,77.00,96.80
DEADLINE_SENSITIVE,100,PROPOSED_DEADLINE_AWARE,432.77,151.99,168.85,0.2311,89.00,97.39
MIXED,20,IEEE_BASELINE,128.53,33.41,57.13,0.1556,40.00,92.30
MIXED,20,PROPOSED_DEADLINE_AWARE,146.96,30.10,53.82,0.1361,30.00,80.72
MIXED,50,IEEE_BASELINE,328.57,102.05,127.26,0.1522,64.00,95.88
MIXED,50,PROPOSED_DEADLINE_AWARE,333.52,96.03,121.23,0.1499,54.00,94.46
MIXED,100,IEEE_BASELINE,587.45,189.59,212.44,0.1702,76.00,97.26
MIXED,100,PROPOSED_DEADLINE_AWARE,590.89,189.81,212.67,0.1692,76.00,96.69
