scenario,taskCount,baselineMakespan,proposedMakespan,baselineWaitingTime,proposedWaitingTime,baselineTurnaroundTime,proposedTurnaroundTime,baselineThroughput,proposedThroughput,baselineDeadlineMissRate,proposedDeadlineMissRate,baselineResourceUtilization,proposedResourceUtilization,makespanDifference,waitingTimeDifference,turnaroundDifference,throughputDifference,deadlineMissRateDifference,resourceUtilizationDifference,makespanRelativeChangePercent,waitingTimeRelativeChangePercent,turnaroundRelativeChangePercent,throughputRelativeChangePercent,deadlineMissRateRelativeChangePercent,resourceUtilizationRelativeChangePercent
NORMAL_LOAD,20,70.9700,67.6200,14.0220,12.6800,26.0205,24.6785,0.2818,0.2958,0.2500,0.0500,84.5322,88.7201,-3.3500,-1.3420,-1.3420,0.0140,-0.2000,4.1879,-4.72,-9.57,-5.16,4.97,-80.00,4.95
NORMAL_LOAD,50,162.5700,162.5600,36.5830,34.2332,48.7594,46.4096,0.3076,0.3076,0.4000,0.4000,93.6243,93.6300,-0.0100,-2.3498,-2.3498,0.0000,0.0000,0.0057,-0.01,-6.42,-4.82,0.00,0.00,0.01
NORMAL_LOAD,100,315.1700,313.8300,78.8016,73.4795,91.0891,85.7670,0.3173,0.3186,0.5100,0.5600,97.4672,97.8834,-1.3400,-5.3221,-5.3221,0.0013,0.0500,0.4162,-0.43,-6.75,-5.84,0.41,9.80,0.43
HIGH_LOAD,20,151.8100,152.7000,54.4150,53.2975,82.7025,81.5850,0.1317,0.1310,0.6000,0.7000,93.1674,92.6244,0.8900,-1.1175,-1.1175,-0.0007,0.1000,-0.5430,0.59,-2.05,-1.35,-0.53,16.67,-0.58
HIGH_LOAD,50,361.3100,359.9700,154.3804,149.9540,182.5016,178.0752,0.1384,0.1389,0.8400,0.8800,97.2890,97.6512,-1.3400,-4.4264,-4.4264,0.0005,0.0400,0.3622,-0.37,-2.87,-2.43,0.36,4.76,0.37
HIGH_LOAD,100,697.9900,691.9700,314.5416,302.7518,342.0252,330.2354,0.1433,0.1445,0.9200,0.9500,98.4384,99.2948,-6.0200,-11.7898,-11.7898,0.0012,0.0300,0.8564,-0.86,-3.75,-3.45,0.84,3.26,0.87
DEADLINE_SENSITIVE,20,99.3200,97.4300,24.6790,27.0365,42.1645,44.5220,0.2014,0.2053,0.5500,0.6500,88.0261,89.7337,-1.8900,2.3575,2.3575,0.0039,0.1000,1.7076,-1.90,9.55,5.59,1.94,18.18,1.94
DEADLINE_SENSITIVE,50,226.4700,231.6100,73.3016,75.8804,91.0644,93.6432,0.2208,0.2159,0.7400,0.8400,98.0417,95.8659,5.1400,2.5788,2.5788,-0.0049,0.1000,-2.1758,2.27,3.52,2.83,-2.22,13.51,-2.22
DEADLINE_SENSITIVE,100,435.4300,432.7700,143.1456,151.9932,160.0054,168.8530,0.2297,0.2311,0.7700,0.8900,96.7997,97.3947,-2.6600,8.8476,8.8476,0.0014,0.1200,0.5950,-0.61,6.18,5.53,0.61,15.58,0.61
MIXED,20,128.5300,146.9600,33.4055,30.0965,57.1310,53.8220,0.1556,0.1361,0.4000,0.3000,92.2956,80.7209,18.4300,-3.3090,-3.3090,-0.0195,-0.1000,-11.5747,14.34,-9.91,-5.79,-12.53,-25.00,-12.54
MIXED,50,328.5700,333.5200,102.0544,96.0262,127.2578,121.2296,0.1522,0.1499,0.6400,0.5400,95.8829,94.4599,4.9500,-6.0282,-6.0282,-0.0023,-0.1000,-1.4230,1.51,-5.91,-4.74,-1.51,-15.62,-1.48
MIXED,100,587.4500,590.8900,189.5901,189.8144,212.4443,212.6686,0.1702,0.1692,0.7600,0.7600,97.2602,96.6940,3.4400,0.2243,0.2243,-0.0010,0.0000,-0.5662,0.59,0.12,0.11,-0.59,0.00,-0.58
