scenario,taskCount,scheduler,makespan,averageWaitingTime,averageTurnaroundTime,throughput,deadlineMissRate,resourceUtilization,meanPriority,meanExecutionTime,meanDeadlineSlackAtArrival
NORMAL_LOAD,20,IEEE_BASELINE,70.9700,14.0220,26.0205,0.2818,0.2500,84.5322,5.1000,11.9985,28.5975
NORMAL_LOAD,20,PROPOSED_DEADLINE_AWARE,67.6200,12.6800,24.6785,0.2958,0.0500,88.7201,5.1000,11.9985,28.5975
NORMAL_LOAD,50,IEEE_BASELINE,162.5700,36.5830,48.7594,0.3076,0.4000,93.6243,5.2200,12.1764,29.8052
NORMAL_LOAD,50,PROPOSED_DEADLINE_AWARE,162.5600,34.2332,46.4096,0.3076,0.4000,93.6300,5.2200,12.1764,29.8052
NORMAL_LOAD,100,IEEE_BASELINE,315.1700,78.8016,91.0891,0.3173,0.5100,97.4672,5.5000,12.2875,30.3281
NORMAL_LOAD,100,PROPOSED_DEADLINE_AWARE,313.8300,73.4795,85.7670,0.3186,0.5600,97.8834,5.5000,12.2875,30.3281
HIGH_LOAD,20,IEEE_BASELINE,151.8100,54.4150,82.7025,0.1317,0.6000,93.1674,5.1500,28.2875,42.0640
HIGH_LOAD,20,PROPOSED_DEADLINE_AWARE,152.7000,53.2975,81.5850,0.1310,0.7000,92.6244,5.1500,28.2875,42.0640
HIGH_LOAD,50,IEEE_BASELINE,361.3100,154.3804,182.5016,0.1384,0.8400,97.2890,5.2400,28.1212,38.8006
HIGH_LOAD,50,PROPOSED_DEADLINE_AWARE,359.9700,149.9540,178.0752,0.1389,0.8800,97.6512,5.2400,28.1212,38.8006
HIGH_LOAD,100,IEEE_BASELINE,697.9900,314.5416,342.0252,0.1433,0.9200,98.4384,5.1200,27.4836,38.1022
HIGH_LOAD,100,PROPOSED_DEADLINE_AWARE,691.9700,302.7518,330.2354,0.1445,0.9500,99.2948,5.1200,27.4836,38.1022
DEADLINE_SENSITIVE,20,IEEE_BASELINE,99.3200,24.6790,42.1645,0.2014,0.5500,88.0261,5.6000,17.4855,12.5700
DEADLINE_SENSITIVE,20,PROPOSED_DEADLINE_AWARE,97.4300,27.0365,44.5220,0.2053,0.6500,89.7337,5.6000,17.4855,12.5700
DEADLINE_SENSITIVE,50,IEEE_BASELINE,226.4700,73.3016,91.0644,0.2208,0.7400,98.0417,5.4000,17.7628,13.4884
DEADLINE_SENSITIVE,50,PROPOSED_DEADLINE_AWARE,231.6100,75.8804,93.6432,0.2159,0.8400,95.8659,5.4000,17.7628,13.4884
DEADLINE_SENSITIVE,100,IEEE_BASELINE,435.4300,143.1456,160.0054,0.2297,0.7700,96.7997,5.6900,16.8598,12.7368
DEADLINE_SENSITIVE,100,PROPOSED_DEADLINE_AWARE,432.7700,151.9932,168.8530,0.2311,0.8900,97.3947,5.6900,16.8598,12.7368
MIXED,20,IEEE_BASELINE,128.5300,33.4055,57.1310,0.1556,0.4000,92.2956,6.7000,23.7255,52.2100
MIXED,20,PROPOSED_DEADLINE_AWARE,146.9600,30.0965,53.8220,0.1361,0.3000,80.7209,6.7000,23.7255,52.2100
MIXED,50,IEEE_BASELINE,328.5700,102.0544,127.2578,0.1522,0.6400,95.8829,6.3400,25.2034,52.6844
MIXED,50,PROPOSED_DEADLINE_AWARE,333.5200,96.0262,121.2296,0.1499,0.5400,94.4599,6.3400,25.2034,52.6844
MIXED,100,IEEE_BASELINE,587.4500,189.5901,212.4443,0.1702,0.7600,97.2602,5.9300,22.8542,49.1709
MIXED,100,PROPOSED_DEADLINE_AWARE,590.8900,189.8144,212.6686,0.1692,0.7600,96.6940,5.9300,22.8542,49.1709
