taskId,priority,arrivalTime,executionTime,deadline
0,9,0.00,27.52,47.67
1,9,0.87,12.28,17.94
2,9,1.43,10.37,19.18
3,7,2.82,14.17,30.01
4,9,3.66,26.52,59.27
5,9,4.56,22.55,32.47
6,4,5.73,27.17,61.47
7,2,6.78,12.19,30.51
8,7,7.51,13.62,27.61
9,4,8.54,27.49,51.67
10,9,9.51,16.31,38.12
11,4,10.11,13.17,31.18
12,2,11.51,6.92,21.54
13,10,13.28,14.58,32.88
14,2,13.87,17.19,45.20
15,5,15.37,10.77,29.08
16,1,16.92,22.98,59.88
17,4,17.57,16.26,44.03
18,1,19.47,13.95,43.20
19,5,21.11,23.70,68.82
20,8,21.86,26.79,78.66
21,9,22.59,7.10,37.05
22,8,23.80,11.33,45.37
23,1,24.24,22.26,65.07
24,10,24.66,6.41,37.50
25,8,26.12,22.96,62.64
26,1,27.52,10.83,42.07
27,6,28.19,18.00,66.00
28,5,28.85,13.05,56.68
29,1,29.85,27.88,88.35
30,1,31.21,24.03,83.52
31,3,32.07,22.21,80.65
32,8,32.90,15.09,58.31
33,2,34.65,18.29,64.87
34,6,35.20,28.69,83.86
35,5,35.71,17.37,63.02
36,7,37.64,29.43,85.87
37,6,38.99,10.01,52.29
38,2,40.82,24.64,89.72
39,6,41.78,12.02,56.31
40,7,42.80,14.11,66.50
41,9,43.37,19.99,84.91
42,4,44.21,17.77,77.92
43,1,44.79,9.40,58.95
44,2,46.24,13.09,63.11
45,4,47.64,20.91,80.06
46,6,48.31,18.80,75.62
47,6,49.40,24.11,98.55
48,10,50.79,25.46,82.89
49,6,51.74,6.40,63.07
50,9,53.07,20.98,92.04
51,6,54.71,5.34,64.90
52,6,56.25,10.56,70.45
53,9,56.86,7.90,69.32
54,5,58.75,19.32,84.48
55,6,60.25,23.38,109.42
56,10,62.17,15.48,84.81
57,5,62.76,19.55,90.74
58,5,64.74,6.00,72.98
59,10,65.53,29.73,109.07
60,2,67.14,7.47,77.89
61,8,67.66,26.47,114.99
62,5,68.84,7.26,79.42
63,5,69.45,6.76,81.39
64,7,70.61,29.29,109.08
65,2,71.36,12.09,96.00
66,4,72.12,16.46,102.51
67,7,72.71,17.85,103.99
68,6,73.52,7.39,84.82
69,8,74.88,15.56,106.21
70,7,75.34,17.97,108.34
71,10,76.18,17.12,102.68
72,3,77.72,15.31,108.49
73,10,79.05,11.92,101.44
74,5,80.90,9.53,94.51
75,10,81.75,22.97,131.86
76,1,82.46,15.78,109.82
77,10,83.72,6.27,94.92
78,8,84.64,17.01,119.43
79,7,85.69,7.49,99.59
80,9,86.23,24.97,130.78
81,6,87.47,9.90,105.98
82,8,89.35,22.74,118.89
83,1,90.56,29.65,155.10
84,3,91.51,25.63,125.41
85,1,93.19,22.22,132.34
86,2,93.88,7.27,108.09
87,5,95.45,16.66,125.13
88,2,96.42,18.17,130.82
89,7,97.55,18.74,137.20
90,8,98.16,21.35,138.17
91,4,99.56,6.76,108.50
92,8,101.06,6.81,109.24
93,3,102.76,25.23,157.36
94,4,103.97,5.92,115.37
95,9,104.59,23.10,142.76
96,10,105.75,26.54,154.64
97,6,106.93,5.90,117.60
98,3,108.85,19.93,149.88
99,4,109.95,14.14,132.27
